"Index","Name","Chrom","Position","A1","A2","A1Frq","A1Effect","SE","VarExplained","Pi1","Pi2","Pi3","Pi4","Pi5","PIP","Risk_Allele","Bene_Allele","Risk_Allele_effect","SNP_Risk_Allele","SNP_Bene_Allele","NA10861_PC08411_HRC","NA10861_PC11071_HRC","NA10861_PC11075_HRC","NA10861_PC11129_HRC","NA10861_PC11139_HRC","NA10861_PC08411_TopMed","NA10861_PC11138_TopMed","NA10861"
38,"rs10179295",2,222033115,"A","G",0.40573,-0.011539,0.001074,0.000268502,0,0,1.7e-05,0.286187,0.713795,1,"G","A",0.011539,"rs10179295_G","rs10179295_A",1,1,1,1,2,1,1,1
66,"rs9971729",12,23979791,"C","A",0.566359,-0.004921,0.002216,5.934009e-05,0.144988,0.0017,0.006406,0.844351,0.002556,0.855012,"A","C",0.004921,"rs9971729_A","rs9971729_C",0,0,0,1,0,0,0,0
174,"rs142661815",2,99811314,"A","G",0.010089,0.001114,0.003635,1.197095e-06,0.889283,0.054444,0.034825,0.01056,0.010888,0.110717,"A","G",0.001114,"rs142661815_A","rs142661815_G",0,0,0,0,0,0,1,0
258,"rs10423391",19,1252451,"C","T",0.441128,0.000749,0.001361,4.931513e-06,0.734407,0.030677,0.220369,0.013477,0.00107,0.265593,"C","T",0.000749,"rs10423391_C","rs10423391_T",2,1,1,2,1,2,2,2
306,"rs10416809",19,1252311,"T","C",0.422649,0.000626,0.001366,4.568438e-06,0.778898,0.028702,0.118105,0.066578,0.007717,0.221102,"T","C",0.000626,"rs10416809_T","rs10416809_C",2,1,1,2,1,2,2,2
334,"rs12609746",19,1252827,"C","T",0.241425,0.000567,0.001365,3.32168e-06,0.801772,0.06076,0.086572,0.030066,0.02083,0.198228,"C","T",0.000567,"rs12609746_C","rs12609746_T",1,0,1,1,0,1,1,1
356,"rs10771034",12,23979199,"A","T",0.550739,-0.000523,0.001755,6.880933e-06,0.911583,0.006181,2e-06,0.018475,0.063759,0.0884168,"T","A",0.000523,"rs10771034_T","rs10771034_A",0,0,0,1,0,0,0,0
448,"rs58837341",19,1248920,"T","G",0.4286,0.000415,0.001054,2.608899e-06,0.832145,0.052747,0.097505,0.014539,0.003064,0.167855,"T","G",0.000415,"rs58837341_T","rs58837341_G",2,1,1,2,1,2,2,2
639,"rs112363642",19,1248348,"A","G",0.2218,0.000301,0.000948,1.418032e-06,0.869331,0.053979,0.074316,0.001673,0.000702,0.130669,"A","G",0.000301,"rs112363642_A","rs112363642_G",1,0,1,1,0,1,1,1
756,"rs1888379",9,27353599,"G","T",0.405515,0.000263,0.000973,2.032558e-06,0.88283,0.029656,0.029392,0.058122,0,0.11717,"G","T",0.000263,"rs1888379_G","rs1888379_T",0,0,0,0,0,1,1,1
885,"rs16832679",3,181511339,"A","T",0.287,-0.000232,0.001151,2.340641e-06,0.941273,0.007765,0.005031,0.045467,0.000465,0.0587273,"T","A",0.000232,"rs16832679_T","rs16832679_A",1,1,1,1,1,0,0,0
